{
    "translation": {
        "common": {
            "ok": "确定",
            "cancel": "取消",
            "save": "保存",
            "write_clipboard": "写入剪贴板",
            "plugin": "插件",
            "coming": "敬请期待...",
            "clear": "清空"
        },
        "languages": {
            "auto": "自动检测",
            "zh_cn": "简体中文",
            "zh_tw": "繁體中文",
            "ja": "日语 ",
            "en": "英语",
            "ko": "韩语",
            "fr": "法语",
            "es": "西班牙语",
            "ru": "俄语",
            "de": "德语",
            "it": "意大利语",
            "tr": "土耳其语",
            "pt_pt": "葡萄牙语",
            "pt_br": "葡萄牙语 (巴西)",
            "vi": "越南语",
            "id": "印尼语",
            "th": "泰语",
            "ms": "马来语",
            "ar": "阿拉伯语",
            "hi": "印地语",
            "mn_mo": "蒙古语",
            "mn_cy": "蒙古语(西里尔)",
            "km": "高棉语"
        },
        "config": {
            "general": {
                "label": "常规设置",
                "title": "常规设置",
                "auto_start": "开机时启动应用",
                "check_update": "启动时检查更新",
                "server_port": "监听端口",
                "server_port_change": "监听端口已更改，重启应用生效",
                "app_language": "应用语言",
                "app_theme": "应用主题",
                "theme": {
                    "light": "浅色",
                    "dark": "深色",
                    "system": "跟随系统"
                },
                "transparent": "透明效果",
                "proxy": {
                    "title": "网络代理",
                    "host": "代理地址",
                    "port": "代理端口",
                    "username": "用户名",
                    "password": "密码"
                },
                "proxy_change": "代理已经改变，重启应用生效",
                "proxy_error": "请填写代理地址和端口",
                "tray_click_event": "托盘点击事件",
                "event": {
                    "config": "打开设置",
                    "translate": "打开翻译窗口",
                    "disable": "禁用",
                    "ocr_recognize": "文字识别",
                    "ocr_translate": "截图翻译"
                }
            },
            "translate": {
                "label": "翻译设置",
                "title": "翻译设置",
                "source_language": "源语言",
                "target_language": "目标语言",
                "second_language": "第二目标语言",
                "auto_copy": "自动复制",
                "source": "原文",
                "target": "译文",
                "source_target": "原文+译文",
                "disable": "禁用",
                "incremental_translate": "增量翻译",
                "dynamic_translate": "动态翻译",
                "delete_newline": "自动删除换行",
                "remember_language": "记住目标语言",
                "window_position": "窗口位置",
                "mouse": "跟随鼠标",
                "pre_state": "记住位置",
                "remember_window_size": "记住窗口大小",
                "hide_source": "隐藏原文",
                "hide_language": "隐藏语言栏",
                "hide_window": "隐藏翻译窗口",
                "detect_engine": "语种检测引擎",
                "baidu": "百度",
                "tencent": "腾讯",
                "google": "谷歌",
                "local": "本地"
            },
            "recognize": {
                "label": "文字识别",
                "title": "文字识别",
                "language": "识别语言",
                "delete_newline": "自动删除换行",
                "auto_copy": "自动复制",
                "hide_window": "隐藏识别窗口"
            },
            "hotkey": {
                "label": "热键设置",
                "title": "热键设置",
                "selection_translate": "划词翻译",
                "input_translate": "输入翻译",
                "ocr_recognize": "文字识别",
                "ocr_translate": "截图翻译",
                "is_register": "快捷键已被注册",
                "success": "快捷键注册成功"
            },
            "service": {
                "label": "服务设置",
                "title": "服务设置",
                "translate": "翻译",
                "tts": "语音合成",
                "recognize": "文字识别",
                "collection": "生词本",
                "least": "请至少保留一个",
                "add_builtin_service": "添加内置服务",
                "add_external_service": "添加外部插件",
                "add_service": "添加服务",
                "test_failed": "测试失败",
                "install_plugin": "安装外部插件",
                "uninstall_success": "插件卸载成功",
                "homepage": "插件主页"
            },
            "history": {
                "label": "历史记录",
                "title": "历史记录"
            },
            "backup": {
                "label": "备份设置",
                "title": "备份设置",
                "type": "服务类型",
                "webdav": "WebDav",
                "local": "本地",
                "webdav_url": "WebDav地址",
                "username": "用户名",
                "password": "密码",
                "backup": "备份",
                "restore": "恢复备份",
                "list": "备份列表",
                "load_success": "载入备份成功",
                "backup_success": "备份成功",
                "empty": "您还没有备份"
            },
            "about": {
                "label": "关于应用",
                "title": "关于应用",
                "website": "官网",
                "github": "Github",
                "feedback": "问题反馈",
                "issue": "Issue",
                "email": "邮件",
                "community": "社区交流",
                "check_update": "检查更新",
                "view_log": "查看日志",
                "view_config": "查看配置文件",
                "qq_channel": "QQ 频道",
                "qq_group": "QQ 群",
                "telegram": "Telegram",
                "discussion": "Github Discussion"
            }
        },
        "updater": {
            "title": "检查更新",
            "latest": "## 已经是最新版本",
            "progress": "下载进度",
            "update": "更新",
            "downloading": "下载中...",
            "installing": "安装中...",
            "cancel": "取消",
            "installed": "安装完成，重启应用生效"
        },
        "services": {
            "help": "配置指南",
            "no_need": "无需配置",
            "translate": {
                "deepl": {
                    "title": "DeepL",
                    "custom_url": "DeepLX 地址",
                    "auth_key": "API 密钥",
                    "type": "服务类型",
                    "free": "内置免费",
                    "api": "Auth Key",
                    "deeplx": "DeepLX"
                },
                "google": { "title": "谷歌翻译", "custom_url": "自定义 URL" },
                "bing": { "title": "必应翻译" },
                "openai_summary": { "title": "OpenAI 总结" },
                "openai_polish": { "title": "OpenAI 润色" },
                "openai_custom": { "title": "OpenAI 自定义" },
                "openai": {
                    "title": "OpenAI",
                    "service": "服务提供商",
                    "openai": "OpenAI",
                    "azure": "Azure",
                    "request_path": "请求地址",
                    "api_key": "Api Key",
                    "model": "模型",
                    "stream": "流式输出",
                    "system_prompt": "System Prompt",
                    "user_prompt": "User Prompt",
                    "prompt_description": "通过自定义Prompt自定义OpenAI行为, $text $from $to $detect 将会被替换为 待翻译文本，源语言,，目标语言和检测到的语言。"
                },
                "yandex": { "title": "Yandex" },
                "transmart": { "title": "腾讯交互翻译", "username": "用户名", "token": "Token" },
                "baidu": { "title": "百度翻译", "appid": "App ID", "secret": "Secret" },
                "baidu_field": {
                    "title": "百度领域翻译",
                    "it": "信息技术",
                    "finance": "金融财经",
                    "machinery": "机械制造",
                    "senimed": "生物医药",
                    "novel": "网络文学",
                    "academic": "学术论文",
                    "aerospace": "航空航天",
                    "wiki": "人文社科",
                    "news": "新闻资讯",
                    "law": "法律法规",
                    "contract": "合同"
                },
                "alibaba": {
                    "title": "阿里翻译",
                    "accesskey_id": "AccessKey ID",
                    "accesskey_secret": "AccessKey Secret"
                },
                "tencent": {
                    "title": "腾讯翻译",
                    "secret_id": "Secret ID",
                    "secret_key": "Secret Key"
                },
                "volcengine": {
                    "title": "火山翻译",
                    "appid": "App ID",
                    "secret": "Secret"
                },
                "niutrans": {
                    "title": "小牛翻译",
                    "https": "使用 Https",
                    "apikey": "API Key"
                },
                "youdao": {
                    "title": "有道翻译",
                    "appkey": "App ID",
                    "key": "Key"
                },
                "bing_dict": {
                    "title": "必应词典"
                },
                "cambridge_dict": {
                    "title": "剑桥词典"
                },
                "caiyun": {
                    "title": "彩云小译",
                    "token": "Token"
                }
            },
            "recognize": {
                "system": { "title": "系统 OCR" },
                "tesseract": { "title": "Tesseract.js" },
                "baidu_ocr": { "title": "百度 OCR", "client_id": "API Key", "client_secret": "Secret Key" },
                "baidu_accurate_ocr": {
                    "title": "百度 OCR (高精度)",
                    "client_id": "API Key",
                    "client_secret": "Secret Key"
                },
                "baidu_img_ocr": {
                    "title": "百度图片翻译",
                    "appid": "App ID",
                    "secret": "Secret"
                },
                "iflytek_ocr": {
                    "title": "讯飞 OCR",
                    "appid": "App ID",
                    "apisecret": "API Secret",
                    "apikey": "API Key"
                },
                "iflytek_intsig_ocr": {
                    "title": "讯飞 OCR (Intsig)",
                    "appid": "App ID",
                    "apisecret": "API Secret",
                    "apikey": "API Key"
                },
                "iflytek_latex_ocr": {
                    "title": "讯飞公式识别",
                    "appid": "App ID",
                    "apisecret": "API Secret",
                    "apikey": "API Key"
                },
                "simple_latex_ocr": {
                    "title": "Simple LaTeX",
                    "token": "Token"
                },
                "tencent_ocr": {
                    "title": "腾讯 OCR",
                    "secret_id": "Secret ID",
                    "secret_key": "Secret Key"
                },
                "tencent_accurate_ocr": {
                    "title": "腾讯 OCR (高精度)",
                    "secret_id": "Secret ID",
                    "secret_key": "Secret Key"
                },
                "tencent_img_ocr": {
                    "title": "腾讯图片翻译",
                    "secret_id": "Secret ID",
                    "secret_key": "Secret Key"
                },
                "volcengine_ocr": {
                    "title": "火山 OCR",
                    "appid": "App ID",
                    "secret": "Secret"
                },
                "volcengine_multi_lang_ocr": {
                    "title": "火山 OCR (多语言)",
                    "appid": "App ID",
                    "secret": "Secret"
                },
                "qrcode": {
                    "title": "二维码识别"
                }
            },
            "tts": {
                "lingva_tts": { "title": "Lingva", "request_path": "请求地址" }
            },
            "collection": {
                "anki": { "title": "Anki", "port": "端口号" },
                "eudic": { "title": "欧路词典", "name": "生词本名称", "token": "Token" }
            }
        },
        "translate": {
            "add_collection_success": "添加成功",
            "recognizing": "识别中...",
            "speak": "朗读",
            "copy": "复制",
            "retry": "重试",
            "delete_newline": "删除换行",
            "translate_back": "翻译回原文",
            "explain": "解释",
            "summarize": "总结",
            "rewrite": "改写",
            "translate": "翻译",
            "analog_continuation": "模拟输入：续写",
            "analog_rewrite": "模拟输入：改写",
            "ask": "Ask Anything"
        },
        "recognize": {
            "recognize": "重新识别",
            "translate": "翻译",
            "copy_img": "复制图片",
            "copy_text": "复制",
            "delete_newline": "删除换行"
        }
    }
}
